sub_category,code,category_code
空冷ガソリンエンジン,air-cooled_gasoline_engine,gendoki
水冷ディーゼルエンジン,water-cooled_diesel_engine,gendoki
液冷ディーゼルエンジン,Liquid_cooling_diesel_engine,gendoki
歩行用トラクター,walking_tractor,tractor
管理専用機,management_machine,tractor
乗用トラクター（車輪型）,riding_tractor-wheel_type,tractor
乗用トラクター（半装軌型）,riding_tractor-hansokitype,tractor
乗用トラクター（装軌型/農耕用トラクターを含む）,riding_tractor-sokitype,tractor
傾斜草地用多機能トラクター,multi_tractor,tractor
サブソイラー（非振動式）,subsoiler,koudokairyo-zoseiyoukikai
パンブレーカー（けん引式）,panbraker,koudokairyo-zoseiyoukikai
サブソイラー（振動式）,subsoiler-vibration_type,koudokairyo-zoseiyoukikai
サブソイラー（コンビプラウ）,subsoiler-comb_plow,koudokairyo-zoseiyoukikai
プラソイラー（心土作溝土層改良機）,plosoiler,koudokairyo-zoseiyoukikai
ドレーナー（振動式）,drainer-vibration_type,koudokairyo-zoseiyoukikai
トレンチャー（自走式/ 車輪型/チェーン式),trencher-self,koudokairyo-zoseiyoukikai
トレンチャー（直装式/車輪型/チェーン式）,trencher-direct,koudokairyo-zoseiyoukikai
ロータリートレンチャー,rotary_trencher,koudokairyo-zoseiyoukikai
溝掘機,trench_digger,koudokairyo-zoseiyoukikai
穴掘機（携帯用）,hole_digger-mobile,koudokairyo-zoseiyoukikai
溝掘機（スキ上げ方式）,trench_digger-sukiage,koudokairyo-zoseiyoukikai
穴掘機（乗用トラクター用）,hole_digger-riging_tractor,koudokairyo-zoseiyoukikai
石抜機（除石機）,stone_unplug_machine,koudokairyo-zoseiyoukikai
油圧ショベル（クローラー式）,hydraulic_excavator-crawler_type,koudokairyo-zoseiyoukikai
トラクターショベル（車輪式）,tractor_excavator-wheel,koudokairyo-zoseiyoukikai
小型ショベル,smoll-excavator,koudokairyo-zoseiyoukikai
ホイールローダー,wheel-loader,koudokairyo-zoseiyoukikai
レーザーレベラー（表土均平機）,lazer_leveler,koudokairyo-zoseiyoukikai
土壌膨軟機（トラクター用）,soil_bonan_machine,koudokairyo-zoseiyoukikai
ストーンクラッシャー,stone_clasher,koudokairyo-zoseiyoukikai
もみがら埋設機,chaff_buried_machine,koudokairyo-zoseiyoukikai
もみがら集積散布運搬トレーラー,chaff_shusekisanpu_machine,koudokairyo-zoseiyoukikai
もみがら散布機,chaff_sanpuki,koudokairyo-zoseiyoukikai
深耕機,deep_plowing_machine,koudokairyo-zoseiyoukikai
チゼルプラウ,chizel_plow,koudokairyo-zoseiyoukikai
ケンブリッジローラー（鎮圧ローラー）,cambridge_roller,koudokairyo-zoseiyoukikai
ボトムプラウ,botom_plow,kouunuyokanrenkikai
樹脂板付ボトムプラウ,botom_plow-jushibantuki,kouunuyokanrenkikai
格子型プラウ,plow-koshigata,kouunuyokanrenkikai
駆動ディスクプラウ,plow-disk,kouunuyokanrenkikai
プラウ（すき/歩行用トラクター用）,plow-suki-walking,kouunuyokanrenkikai
プラウ（すき/乗用トラクター用）,plow-suki-riding,kouunuyokanrenkikai
ロータリー（乗用トラクター用/サイドドライブ式）,rotary-riding-side,kouunuyokanrenkikai
ロータリー（乗用トラクター用/センタードライブ式）,rotary-riding-center,kouunuyokanrenkikai
ロータリー（乗用トラクター用/深耕用ロータリー）,rotary-riding-deep,kouunuyokanrenkikai
ロータリー（乗用トラクター用/逆転ロータリー）,rotary-riding-reverse,kouunuyokanrenkikai
ディスクロータリー,disk-rotary,kouunuyokanrenkikai
縦軸ハロー,tatejikuharo,kouunuyokanrenkikai
ロータリーハロー(砕土用ロータリー),rotary-haro,saidoyoukanrenkikai
コンビネーションハロー,combi-haro,saidoyoukanrenkikai
ディスクハロー,disk-haro,saidoyoukanrenkikai
ツースハロー,tusu-haro,saidoyoukanrenkikai
チェーンハロー(パスチャーハロー),chain-haro,saidoyoukanrenkikai
スプリングハロー,spring-haro,saidoyoukanrenkikai
ブレイクハロー(コイルタイン+ブレード),blake-haro,saidoyoukanrenkikai
代かきハロー,shirokaki-haro,saidoyoukanrenkikai
高速代かき機,speedshirokaki,saidoyoukanrenkikai
水田ロータ(爪型),suidenrota,saidoyoukanrenkikai
均平機(代かき用),kinheiki-shirokaki,saidoyoukanrenkikai
均平機(畑用=ランドレベラー),kinheiki-hatake,saidoyoukanrenkikai
カルチパッカー,cultivators_packer,saidoyoukanrenkikai
K型ローラー,kgata-roller,saidoyoukanrenkikai
鎮圧ローラー,chinatu-roller,saidoyoukanrenkikai
駆動鎮圧ローラー,kudochinatu-roller,saidoyoukanrenkikai
砕土整地用機械(ハイブリッドカルチ),hybride-caltivator,saidoyoukanrenkikai
ヘビーカルチ(粗砕土機),heavy-caltivator,saidoyoukanrenkikai
スタブルカルチ(表層の粗耕・残渣物の混和),stable-caltivator,saidoyoukanrenkikai
砕土整地鎮圧用機械,saidoseititinatu,saidoyoukanrenkikai
コンビネーションパッカー,combi-packer,saidoyoukanrenkikai
バリオパッカー,bario-packer,saidoyoukanrenkikai
土寄せ機,tutiyoseki,saidoyoukanrenkikai
水田車輪(カゴ車輪),suiden-wheel,saidoyoukanrenkikai
あぜ塗り機(乾田用),azenuriki-kanden,saidoyoukanrenkikai
あぜ塗り機(乾湿田両用),azenuriki-kanshitudenryoyo,saidoyoukanrenkikai
畦削機,azekkezuriki,saidoyoukanrenkikai
反転ディスク,hantendisk,saidoyoukanrenkikai
リヤーバケット,riyabacket,saidoyoukanrenkikai
パワーハロー,power-haro,saidoyoukanrenkikai
バーチカルハロー,vertical-haro,saidoyoukanrenkikai
カゴローラ,kago-roller,saidoyoukanrenkikai
ブロードキャスター(散布板回転型),broadcaster-sanpukaiten,sehi-hasyuyoukanrenkiki
ブロードキャスター(散布筒揺動型),broadcaster-sanpututuyure,sehi-hasyuyoukanrenkiki
高精度高速施肥機,speedtaihiki,sehi-hasyuyoukanrenkiki
マニュアスプレッダー(乗用トラクター用),manuaspreader-riding,sehi-hasyuyoukanrenkiki
マニュアスプレッダー(自走式),manuaspreader-jiso,sehi-hasyuyoukanrenkiki
マニュアスプレッダー(自走式・積み込み式),manuaspreader-jiso-tumikomi,sehi-hasyuyoukanrenkiki
マニュアスプレッダー(運搬機用),manuaspreader-unnpanki,sehi-hasyuyoukanrenkiki
マニュアスプレッダー(積込式),manuaspreader-tumikomi,sehi-hasyuyoukanrenkiki
ライムソワー(PTO駆動型),rimesower-pto,sehi-hasyuyoukanrenkiki
ライムソワー(車輪駆動型),rimesower-wheel,sehi-hasyuyoukanrenkiki
ライムソワー(人力用),rimesowe-jinriki,sehi-hasyuyoukanrenkiki
土壌改良剤散布機,dojokairyoksanpuki,sehi-hasyuyoukanrenkiki
肥料散布機(フロント式),hiryosanpuki-front,sehi-hasyuyoukanrenkiki
肥料散布機(歩行用トラクター用),hiryosanpuki-walking,sehi-hasyuyoukanrenkiki
肥料散布機(リヤー式),hiryosanpuki-riya,sehi-hasyuyoukanrenkiki
肥料散布機(自走式),hiryosanpuki-jiso,sehi-hasyuyoukanrenkiki
低温貯蔵庫,teiontyozoko,sehi-hasyuyoukanrenkiki
電子冷却式低温米びつ,denshireikyakusikiteionkomebitu,sehi-hasyuyoukanrenkiki
米保管庫,risehokanko,sehi-hasyuyoukanrenkiki
玄米用保冷庫,genmaiyohoreiko,sehi-hasyuyoukanrenkiki
集塵装置(除塵機),syujinmachine,sehi-hasyuyoukanrenkiki
肥料散布機(背負式),hiryosanpuki-seoi,sehi-hasyuyoukanrenkiki
肥料散布機(手押し式),hiryosanpuki-teoshi,sehi-hasyuyoukanrenkiki
ホール施肥機,holetaihiki,sehi-hasyuyoukanrenkiki
薬液散布機(リヤー式),yakuekisanpuki-riya,sehi-hasyuyoukanrenkiki
ロータリーソワー,rotary-sower,sehi-hasyuyoukanrenkiki
肥料分配機,hiryoubunpaiki,sehi-hasyuyoukanrenkiki
肥料混合機,hiryokongoki,sehi-hasyuyoukanrenkiki
播種機(人力用),hashuki-jinriki,sehi-hasyuyoukanrenkiki
播種機(歩行用トラクター用・点播機(プランタ)),hasyuki-walking-tenpa,sehi-hasyuyoukanrenkiki
播種機(乗用トラクター用・点播機(プランタ)),hasyuki-riding-tenpa,sehi-hasyuyoukanrenkiki
播種機(乗用トラクター用・条・点播機),hasyuki-riding-jo-tenpa,sehi-hasyuyoukanrenkiki
播種機(乗用トラクター用・条播機(ドリル)),hasyuki-riding-jouhadrill,sehi-hasyuyoukanrenkiki
播種機(乗用トラクター用・全自動式),hasyuki-riding-aute,sehi-hasyuyoukanrenkiki
播種機(牧草用=パッカーシーダー),hasyuki-bokuso-packerseader,sehi-hasyuyoukanrenkiki
施肥播種機,taihihasyuki,sehi-hasyuyoukanrenkiki
肥料投入機,hiryotonyuki,sehi-hasyuyoukanrenkiki
ロータリーシーダー(散播用),rotary-seader-sanpa,sehi-hasyuyoukanrenkiki
ロータリーシーダー(条播用),rorary-seader-tenpa,sehi-hasyuyoukanrenkiki
シードテープ播種機,seadtapehasyuki,sehi-hasyuyoukanrenkiki
シードテープ作製機,seadtapesakuseiki,sehi-hasyuyoukanrenkiki
紙筒用播種機,kamidutsuyouhashuki,sehi-hasyuyoukanrenkiki
水稲直播機(乗用型専用機),suitoujikamakiki-jouyougatasenyouki,sehi-hasyuyoukanrenkiki
水稲直播機(田植機装着式),suitoujikamakiki-tauekisouchakushiki,sehi-hasyuyoukanrenkiki
乾田直播機(不耕起播種機),kandenjikamakiki-fukoukihashuki,sehi-hasyuyoukanrenkiki
湛水土中直播機,tansuidochuujikamakiki,sehi-hasyuyoukanrenkiki
ソイルミキサー,soirumikisa-,sehi-hasyuyoukanrenkiki
ビート移植用専用施肥機,bi-toishokuyousenyousehiki,sehi-hasyuyoukanrenkiki
床土混合機,tokotsuchikongouki,sehi-hasyuyoukanrenkiki
園芸用土供給機,engeiyoutsuchikyoukyuuki,sehi-hasyuyoukanrenkiki
セルトレイ用土入機,serutoreiyoutsuchiireki,sehi-hasyuyoukanrenkiki
セルトレイ用積上コンベア,serutoreiyoutsumiagekombea,sehi-hasyuyoukanrenkiki
高精度水稲種子コーティング装置,kouseidosuitoushushiko-thingusouchi,sehi-hasyuyoukanrenkiki
種子粉衣機,shushikonagoromoki,sehi-hasyuyoukanrenkiki
土詰プラント,tsuchidumepuranto,sehi-hasyuyoukanrenkiki
セルトレイ播種機,serutoreihashuki,sehi-hasyuyoukanrenkiki
真空播種プラント,shinkuuhashupuranto,sehi-hasyuyoukanrenkiki
吸引精密播種機,kyuuinseimitsuhashuki,sehi-hasyuyoukanrenkiki
真空播種機,shinkuuhashuki,sehi-hasyuyoukanrenkiki
土詰播種機,tsuchidumehashuki,sehi-hasyuyoukanrenkiki
紙筒用土詰機,kamidutsuyoudodumeki,sehi-hasyuyoukanrenkiki
粒状肥料深層施肥機,ryuujouhiryoushinsousehiki,sehi-hasyuyoukanrenkiki
液状肥料深層施肥機,ekijouhiryoushinsousehiki,sehi-hasyuyoukanrenkiki
田植機(歩行型),taueki-hokougata,taue-ikubyo-isyokuyoukanrenkiki
田植機(乗用型),taueki-jouyougata,taue-ikubyo-isyokuyoukanrenkiki
乗用田植機用施肥機,jouyoutauekiyousehiki,taue-ikubyo-isyokuyoukanrenkiki
乗用田植機用薬剤散布機,jouyoutauekiyouyakuzaisampuki,taue-ikubyo-isyokuyoukanrenkiki
多目的田植機,tamokutekitaueki,taue-ikubyo-isyokuyoukanrenkiki
米ヌカ散布機,beinukasampuki,taue-ikubyo-isyokuyoukanrenkiki
たばこ移植機(自走式),tabakoishokuki-jisoushiki,taue-ikubyo-isyokuyoukanrenkiki
ビート移植機(乗用トラクター用),bi-toishokuki-jouyoutorakuta-you,taue-ikubyo-isyokuyoukanrenkiki
ポテトプランター(乗用トラクター用),potetopuranta--jouyoutorakuta-you,taue-ikubyo-isyokuyoukanrenkiki
ポテトプランター(歩行用トラクター用),potetopuranta--hokouyoutorakuta-you,taue-ikubyo-isyokuyoukanrenkiki
野菜全自動移植機,yasaizenjidouishokuki,taue-ikubyo-isyokuyoukanrenkiki
野菜移植機(半自動),yasaiishokuki-hanjidou,taue-ikubyo-isyokuyoukanrenkiki
野菜移植機(人力),yasaiishokuki-jinriki,taue-ikubyo-isyokuyoukanrenkiki
甘しょ植付器,kanshouetsukeutsuwa,taue-ikubyo-isyokuyoukanrenkiki
玉ねぎ移植機,tamanegiishokuki,taue-ikubyo-isyokuyoukanrenkiki
植付機,uetsukehakaru,taue-ikubyo-isyokuyoukanrenkiki
セル苗簡易定植機,serunaekaniteishokuki,taue-ikubyo-isyokuyoukanrenkiki
植穴あけ・移植器,ueanaake-ishokuutsuwa,taue-ikubyo-isyokuyoukanrenkiki
野菜接ぎ木ロボット,yasaitsugikirobotto,taue-ikubyo-isyokuyoukanrenkiki
野菜全自動播種機,yasaizenjidouhashuki,taue-ikubyo-isyokuyoukanrenkiki
さとうきび苗植付機,satoukibinaeuetsukeki,taue-ikubyo-isyokuyoukanrenkiki
水稲育苗施設,suitouikubyoushisetsu,taue-ikubyo-isyokuyoukanrenkiki
温湯殺菌種子消毒機,ontousakkinshushishoudokuki,taue-ikubyo-isyokuyoukanrenkiki
蒸気出芽器,joukishutsugautsuwa,taue-ikubyo-isyokuyoukanrenkiki
温水育苗器,nukumizuikubyouutsuwa,taue-ikubyo-isyokuyoukanrenkiki
蒸気育苗器,joukiikubyouutsuwa,taue-ikubyo-isyokuyoukanrenkiki
育苗用播種機(手動式),ikubyouyouhashuki-shudoushiki,taue-ikubyo-isyokuyoukanrenkiki
育苗用播種機(電動式),ikubyouyouhashuki-dendoushiki,taue-ikubyo-isyokuyoukanrenkiki
播種機用オートセンサー,hashukiyouo-tosensa-,taue-ikubyo-isyokuyoukanrenkiki
育苗用播種プラント,ikubyouyouhashupuranto,taue-ikubyo-isyokuyoukanrenkiki
育苗用砕土機,ikubyouyousaidoki,taue-ikubyo-isyokuyoukanrenkiki
育苗用調土機,ikubyouyoushirabetsuchiki,taue-ikubyo-isyokuyoukanrenkiki
育苗用土ふるい機,ikubyouyoudofuruiki,taue-ikubyo-isyokuyoukanrenkiki
育苗用土供給機,ikubyouyoudokyoukyuuki,taue-ikubyo-isyokuyoukanrenkiki
用土供給還元機,youdokyoukyuukangenki,taue-ikubyo-isyokuyoukanrenkiki
育苗用床土入れ機,ikubyouyoutokotsuchiireki,taue-ikubyo-isyokuyoukanrenkiki
セルトレイ土入れ機,serutoreitsuchiireki,taue-ikubyo-isyokuyoukanrenkiki
苗箱施肥土入れ機,naebakosehitsuchiireki,taue-ikubyo-isyokuyoukanrenkiki
苗箱施薬散布装置,naebakoseyakusampusouchi,taue-ikubyo-isyokuyoukanrenkiki
苗箱施肥ホッパー,naebakosehihoppa-,taue-ikubyo-isyokuyoukanrenkiki
育苗箱施薬散布機,ikubyoubakoseyakusampuki,taue-ikubyo-isyokuyoukanrenkiki
苗箱施肥装置,naebakosehisouchi,taue-ikubyo-isyokuyoukanrenkiki
育苗用脱芒機,ikubyouyoudatsunogiki,taue-ikubyo-isyokuyoukanrenkiki
育苗用催芽機(器),ikubyouyoumoyoimeki-utsuwa,taue-ikubyo-isyokuyoukanrenkiki
育苗用灌水機(装置),ikubyouyoukansuiki-souchi,taue-ikubyo-isyokuyoukanrenkiki
育苗用コンベアー,ikubyouyoukombea-,taue-ikubyo-isyokuyoukanrenkiki
苗箱運搬機器,naebakoumpankiki,taue-ikubyo-isyokuyoukanrenkiki
育苗箱洗浄機,ikubyoubakosenjouki,taue-ikubyo-isyokuyoukanrenkiki
セルトレイ洗浄機,serutoreisenjouki,taue-ikubyo-isyokuyoukanrenkiki
きび苗取機,kibinaetoriki,taue-ikubyo-isyokuyoukanrenkiki
苗箱供給機,naehakokyoukyuuki,taue-ikubyo-isyokuyoukanrenkiki
苗箱整列機,naebakoseiretsuki,taue-ikubyo-isyokuyoukanrenkiki
苗箱運搬用コンテナ,naehakoumpanyoukontena,taue-ikubyo-isyokuyoukanrenkiki
紙筒用土詰機,kamidutsuyoudodumeki,taue-ikubyo-isyokuyoukanrenkiki
育苗播種機用苗箱積出機,ikubyouhashukiyounaebakotsumidashiki,taue-ikubyo-isyokuyoukanrenkiki
育苗箱自動箱積機,ikubyoubakojidouhakosekiki,taue-ikubyo-isyokuyoukanrenkiki
苗箱運搬具,naehakoumpangu,taue-ikubyo-isyokuyoukanrenkiki
湛水直播用粉衣・調整関連機器,tansuijikamakiyoukonagoromo-chouseikanrenkiki,taue-ikubyo-isyokuyoukanrenkiki
種籾脱水機,tanemomidassuiki,taue-ikubyo-isyokuyoukanrenkiki
乗用管理機,jouyoukanriki,saibaikanriyokikai
管理作業機,kanrisagyouki,saibaikanriyokikai
マルチャー(平畦用・歩行用トラクター用),marucha--hiraazeyou-hokouyoutorakuta-you,saibaikanriyokikai
マルチャー(平畦用・乗用トラクター用),marucha--hiraazeyou-jouyoutorakuta-you,saibaikanriyokikai
マルチャー(小畦用・乗用トラクター用),marucha--shouazeyou-jouyoutorakuta-you,saibaikanriyokikai
マルチャー(高畦用・乗用トラクター用),marucha--kouazeyou-jouyoutorakuta-you,saibaikanriyokikai
マルチャー(平高畦用・乗用トラクター用),marucha--hirakouazeyou-jouyoutorakuta-you,saibaikanriyokikai
マルチャー(自走式・歩行型),marucha--jisoushiki-hokougata,saibaikanriyokikai
畦立マルチャー,azeritsumarucha-,saibaikanriyokikai
畦立マルチシーダー,azeritsumaruchishi-da-,saibaikanriyokikai
マルチャー(人力用),marucha--jinrikiyou,saibaikanriyokikai
作畦作溝機(乗トラ用・ロータリーアタッチ),sakuazesakumizoki-yotsunoyatorayou-ro-tari-atacchi,saibaikanriyokikai
カルチベーター(歩行用トラクター用),karuchibe-ta--hokouyoutorakuta-you,saibaikanriyokikai
カルチベーター(乗用トラクター用),karuchibe-ta--jouyoutorakuta-you,saibaikanriyokikai
ロータリカルチベーター(乗用トラクター用),ro-tarikaruchibe-ta--jouyoutorakuta-you,saibaikanriyokikai
中耕ローター(乗用トラクター用),chuukouro-ta--jouyoutorakuta-you,saibaikanriyokikai
中耕ローター(歩行用トラクター用),chuukouro-ta--hokouyoutorakuta-you,saibaikanriyokikai
ロータリープラウ(歩行用トラクター用),ro-tari-purau-hokouyoutorakuta-you,saibaikanriyokikai
プラウ爪(乗用トラクター用),purautsume-jouyoutorakuta-you,saibaikanriyokikai
水田用溝切機,suidenyoumizogireki,saibaikanriyokikai
水田中耕除草機,suidenchuukoujosouki,saibaikanriyokikai
畑作中耕除草機,hatasakuchuukoujosouki,saibaikanriyokikai
高精度畑用中耕除草機,kouseidohatayouchuukoujosouki,saibaikanriyokikai
畦立機,azeritsuki,saibaikanriyokikai
畦整形板,azeseikeiban,saibaikanriyokikai
培土機(乗用トラクター用),baidoki-jouyoutorakuta-you,saibaikanriyokikai
培土機(歩行用トラクター用),baidoki-hokouyoutorakuta-you,saibaikanriyokikai
片培土機,katabaidoki,saibaikanriyokikai
残稗処理機(ストローチョッパー),zanhieshoriki-sutoro-choppa-,saibaikanriyokikai
残稗処理機(フレールモアー),zanhieshoriki-fure-rumoa-,saibaikanriyokikai
残稗処理機(トリチュレーター),zanhieshoriki-torichure-ta-,saibaikanriyokikai
低揚程ポンプ,teiyouteipompu,saibaikanriyokikai
高揚程ポンプ,kouyouteipompu,saibaikanriyokikai
自吸式ポンプ,jikyuushikipompu,saibaikanriyokikai
定置配管用ポンプ,teichihaikanyoupompu,saibaikanriyokikai
深井戸用ポンプ,fukaidoyoupompu,saibaikanriyokikai
ポータブルポンプ,po-taburupompu,saibaikanriyokikai
レインガン,reingan,saibaikanriyokikai
スプリンクラー(定置式),supurinkura--teichishiki,saibaikanriyokikai
スプリンクラー(可搬式),supurinkura--kahanshiki,saibaikanriyokikai
スプリンクラー(多目的),supurinkura--tamokuteki,saibaikanriyokikai
マルチはぎ機,maruchihagiki,saibaikanriyokikai
マルチ巻取機,maruchimakitoriki,saibaikanriyokikai
畝またぎ作業台車,unematagisagyoudaisha,saibaikanriyokikai
高床式野菜作業車,takayukashikiyasaisagyousha,saibaikanriyokikai
ハウス内作業用台車,hausunaisagyouyoudaisha,saibaikanriyokikai
雑草刈取機,zassoukaritoriki,saibaikanriyokikai
畦畔草刈機,keihankusakariki,saibaikanriyokikai
除草下草刈機(フレールモアー),josoukakusakariki-fure-rumoa-,saibaikanriyokikai
法面草刈機(スライドモア),norimenkusakariki-suraidomoa,saibaikanriyokikai
雑草集草機,zassoushuugusaki,saibaikanriyokikai
動力噴霧機(可搬式),douryokufummuki-kahanshiki,bojoyoukikai
動力噴霧機(車輪式),douryokufummuki-sharinshiki,bojoyoukikai
動力噴霧機(背負式),douryokufummuki-seoishiki,bojoyoukikai
動力噴霧機(走行式、けん引式),douryokufummuki-soukoushiki、keninshiki,bojoyoukikai
動力噴霧機(自走式),douryokufummuki-jisoushiki,bojoyoukikai
動力噴霧機(走行式、装着式),douryokufummuki-soukoushiki、souchakushiki,bojoyoukikai
動力噴霧機(定着式),douryokufummuki-teichakushiki,bojoyoukikai
人力噴霧機,jinrikifummuki,bojoyoukikai
バッテリー式噴霧機,batteri-shikifummuki,bojoyoukikai
静電噴霧機(器),seidenfummuki-utsuwa,bojoyoukikai
動力散粉機(背負式),douryokusampunki-seoishiki,bojoyoukikai
動力散粉機(走行式、装着式),douryokusampunki-soukoushiki、souchakushiki,bojoyoukikai
人力散紛機,jinrikisampunki,bojoyoukikai
背負式兼用防除機,seoishikikenyouboujoki,bojoyoukikai
散粒機,baratsubuki,bojoyoukikai
土壌消毒機(薬剤・けん引式),dojoushoudokuki-yakuzai-keninshiki,bojoyoukikai
土壌消毒機(薬剤・直装式),dojoushoudokuki-yakuzai-chokuyosoishiki,bojoyoukikai
土壌消毒機(薬剤・自走式),dojoushoudokuki-yakuzai-jisoushiki,bojoyoukikai
土壌消毒機(人力),dojoushoudokuki-jinriki,bojoyoukikai
スピードスプレーヤー(自走式),supi-dosupure-ya--jisoushiki,bojoyoukikai
煙霧機(可搬式),emmuki-kahanshiki,bojoyoukikai
除草剤塗布器,josouzaitofuutsuwa,bojoyoukikai
焼土機,yakitsuchiki,bojoyoukikai
鋤農薬撹搾機,sukinouyakukakushiboki,bojoyoukikai
農薬撹搾機,nouyakukakushiboki,bojoyoukikai
農薬無人煙霧散布機,nouyakumujinemmusampuki,bojoyoukikai
ポータブル動噴,po-taburudoufun,bojoyoukikai
薬剤散布機,yakuzaisampuki,bojoyoukikai
タンク車,tankusha,bojoyoukikai
バインダー,bainda-,beibakuyosyukaku-kansokikai-shisetsu
自動脱穀機(自走式),jidoudakkokuki-jisoushiki,beibakuyosyukaku-kansokikai-shisetsu
動力脱穀機,douryokudakkokuki,beibakuyosyukaku-kansokikai-shisetsu
動力脱穀機(種子専用),douryokudakkokuki-shushisenyou,beibakuyosyukaku-kansokikai-shisetsu
自脱型コンバイン(乗用型),jidatsukatakombain-jouyougata,beibakuyosyukaku-kansokikai-shisetsu
自脱型コンバイン(乗用型・種子専用),jidatsukatakombain-jouyougata-shushisenyou,beibakuyosyukaku-kansokikai-shisetsu
普通型コンバイン,futsuugatakombain,beibakuyosyukaku-kansokikai-shisetsu
普通型コンバイン,futsuugatakombain,beibakuyosyukaku-kansokikai-shisetsu
大型汎用コンバイン,oogatahanyoukombain,beibakuyosyukaku-kansokikai-shisetsu
コンバイン結束機,kombainkessokuki,beibakuyosyukaku-kansokikai-shisetsu
穀物用循環型乾燥機,kokumotsuyoujunkangatakansouki,beibakuyosyukaku-kansokikai-shisetsu
穀物用循環型乾燥機(種子専用),kokumotsuyoujunkangatakansouki-shushisenyou,beibakuyosyukaku-kansokikai-shisetsu
穀物遠赤外線乾燥機,kokumotsuensekigaisenkansouki,beibakuyosyukaku-kansokikai-shisetsu
ライスセンター,raisusenta-,beibakuyosyukaku-kansokikai-shisetsu
カントリーエレベーター,kantori-erebe-ta-,beibakuyosyukaku-kansokikai-shisetsu
大型仕上乾燥機,oogatashiagekansouki,beibakuyosyukaku-kansokikai-shisetsu
循環乾燥貯留装置,junkankansouchoryuusouchi,beibakuyosyukaku-kansokikai-shisetsu
自立型籾貯蔵ホッパー,jiritsugatamomichozouhoppa-,beibakuyosyukaku-kansokikai-shisetsu
ファン,fan,beibakuyosyukaku-kansokikai-shisetsu
熱風発生装置,neppuuhasseisouchi,beibakuyosyukaku-kansokikai-shisetsu
足踏脱穀機,ashibumidakkokuki,beibakuyosyukaku-kansokikai-shisetsu
坪刈用脱穀機,tsubogariyoudakkokuki,beibakuyosyukaku-kansokikai-shisetsu
米用石抜機,komeyouishinukihakaru,beibakuyosyukaku-kansokikai-shisetsu
荷受ホッパ,niukehoppa,beibakuyosyukaku-kansokikai-shisetsu
粗選機,arasenki,kokumoku-kome-mugi-tyoseikakoyoukikai
精選機,seisenki,kokumoku-kome-mugi-tyoseikakoyoukikai
粗精選機,araseisenki,kokumoku-kome-mugi-tyoseikakoyoukikai
籾すり機(万石式),momisuriki-mangokushiki,kokumoku-kome-mugi-tyoseikakoyoukikai
籾すり機(揺動型),momisuriki-youdougata,kokumoku-kome-mugi-tyoseikakoyoukikai
籾すり機(回転円筒式),momisuriki-kaitenentoushiki,kokumoku-kome-mugi-tyoseikakoyoukikai
すり落とし籾すり機,suriotoshimomisuriki,kokumoku-kome-mugi-tyoseikakoyoukikai
籾すり精米機,momisuriseimaiki,kokumoku-kome-mugi-tyoseikakoyoukikai
試験用籾すり器,shikenyoumomisuriutsuwa,kokumoku-kome-mugi-tyoseikakoyoukikai
籾自動供給装置,momijidoukyoukyuusouchi,kokumoku-kome-mugi-tyoseikakoyoukikai
米選機(円筒式)(回転米選機),beisenki-entoushiki-kaitemmaisenki,kokumoku-kome-mugi-tyoseikakoyoukikai
くず米再選別機,kuzumaisaisembetsuki,kokumoku-kome-mugi-tyoseikakoyoukikai
計量米選機,keiryoumaisenki,kokumoku-kome-mugi-tyoseikakoyoukikai
精米機(循環式),seimaiki-junkanshiki,kokumoku-kome-mugi-tyoseikakoyoukikai
精米機(1回通し式),seimaiki-1kaidooshishiki,kokumoku-kome-mugi-tyoseikakoyoukikai
精米機(家庭用),seimaiki-kateiyou,kokumoku-kome-mugi-tyoseikakoyoukikai
試験用精米機,shikenyouseimaiki,kokumoku-kome-mugi-tyoseikakoyoukikai
低温貯蔵庫,teionchozouko,kokumoku-kome-mugi-tyoseikakoyoukikai
精麦機,seibakuki,kokumoku-kome-mugi-tyoseikakoyoukikai
色彩選別機,shikisaisembetsuki,kokumoku-kome-mugi-tyoseikakoyoukikai
異物除去選別機,ibutsujokyosembetsuki,kokumoku-kome-mugi-tyoseikakoyoukikai
小米揚穀選別機,kogomeagetanatsumonosembetsuki,kokumoku-kome-mugi-tyoseikakoyoukikai
穀物搬送機,kokumotsuhansouki,kokumoku-kome-mugi-tyoseikakoyoukikai
マルチウエイ排風装置,maruchiueihaikazesouchi,kokumoku-kome-mugi-tyoseikakoyoukikai
穀物自動計量機,kokumotsujidoukeiryouki,kokumoku-kome-mugi-tyoseikakoyoukikai
穀物自動計量機,kokumotsujidoukeiryouki,kokumoku-kome-mugi-tyoseikakoyoukikai
送塵機,okurichiriki,kokumoku-kome-mugi-tyoseikakoyoukikai
玄米・精米白度計,gemmai-seimaishirodokei,kokumoku-kome-mugi-tyoseikakoyoukikai
唐箕,toumi,kokumoku-kome-mugi-tyoseikakoyoukikai
製粉機,seifunki,kokumoku-kome-mugi-tyoseikakoyoukikai
製粉機(業務用),seifunki-gyoumuyou,kokumoku-kome-mugi-tyoseikakoyoukikai
高速度粉砕機,kousokudofunsaiki,kokumoku-kome-mugi-tyoseikakoyoukikai
節(フルイ),fushi-furui,kokumoku-kome-mugi-tyoseikakoyoukikai
粉フルイ機(手動式),konafuruiki-shudoushiki,kokumoku-kome-mugi-tyoseikakoyoukikai
製餅機,seimochiki,kokumoku-kome-mugi-tyoseikakoyoukikai
計量袋詰機,keiryoubukurodumeki,kokumoku-kome-mugi-tyoseikakoyoukikai
選別計量機,sembetsukeiryouki,kokumoku-kome-mugi-tyoseikakoyoukikai
白米選別機,hakumaisembetsuki,kokumoku-kome-mugi-tyoseikakoyoukikai
簡易昇降機,kanishoukouki,kokumoku-kome-mugi-tyoseikakoyoukikai
穀物移動機,kokumotsuidouki,kokumoku-kome-mugi-tyoseikakoyoukikai
グレインスコープ,gureinsuko-pu,kokumoku-kome-mugi-tyoseikakoyoukikai
無洗米機,musemmaiki,kokumoku-kome-mugi-tyoseikakoyoukikai
荷受ユニット,niukeyunitto,kokumoku-kome-mugi-tyoseikakoyoukikai
無人自動精米所,mujinjidouseimaijo,kokumoku-kome-mugi-tyoseikakoyoukikai
屋内用コイン精米機,okunaiyoukoinseimaiki,kokumoku-kome-mugi-tyoseikakoyoukikai
稲わら集積機,inewarashuusekiki,inewara-momigarasyori
稲わら用カッター(農用細断機),inewarayoukatta--nouyousaidanki,inewara-momigarasyori
籾がら粉砕装置,momigarafunsaisouchi,inewara-momigarasyori
籾がら袋詰機,momigarafukurodumeki,inewara-momigarasyori
籾がら搬送機,momigarahansouki,inewara-momigarasyori
籾がら収集機,momigarashuushuuki,inewara-momigarasyori
籾がらくん炭器,momigarakunsumiutsuwa,inewara-momigarasyori
籾がらガスくん炭機,momigaragasukunsumiki,inewara-momigarasyori
籾がら圧縮膨潤化装置,momigaraasshukuboujunkasouchi,inewara-momigarasyori
わら乾燥機,warakansouki,inewara-momigarasyori
たたみ乾燥機,tatamikansouki,inewara-momigarasyori
養液栽培施設(プラント),youekisaibaishisetsu-puranto,yasaisisetusaibai
野菜発芽器,yasaihatsugautsuwa,yasaisisetusaibai
いちご高床栽培システム,ichigotakayukasaibaishisutemu,yasaisisetusaibai
温湯暖房機,ontoudambouki,yasaisisetusaibai
温度調節器,ondochousetsuki,yasaisisetusaibai
ヒートポンプエアコン,hi-topompueakon,yasaisisetusaibai
暖房機(地下水利用),dambouki-chikasuiriyou,yasaisisetusaibai
暖房機(籾がら熱利用),dambouki-momigaranetsuriyou,yasaisisetusaibai
暖房機(廃木・廃タイヤ利用),dambouki-haiki-haitaiyariyou,yasaisisetusaibai
換気扇,kankisen,yasaisisetusaibai
換気装置,kankisouchi,yasaisisetusaibai
循環扇,junkanougi,yasaisisetusaibai
換気窓開閉装置,kankimadokaiheisouchi,yasaisisetusaibai
複合環境制御装置,fukugoukankyouseigyosouchi,yasaisisetusaibai
自動カー一アン開閉装置,jidouka-一ankaiheisouchi,yasaisisetusaibai
ハウス温度警報装置,hausuondokeihousouchi,yasaisisetusaibai
ビニール巻取回収装置,bini-rumakitorikaishuusouchi,yasaisisetusaibai
手動式カーテン開閉装置,shudoushikika-tenkaiheisouchi,yasaisisetusaibai
自動かん水施肥装置,jidoukansuisehisouchi,yasaisisetusaibai
濾過器,rokaki,yasaisisetusaibai
液肥混入器,ekihikonnyuuutsuwa,yasaisisetusaibai
かん水装置(散水装置),kansuisouchi-sansuisouchi,yasaisisetusaibai
養液コントローラ,youekikontoro-ra,yasaisisetusaibai
溶液栽培用定植パネル加熱殺菌装置,youekisaibaiyouteishokupanerukanetsusakkinsouchi,yasaisisetusaibai
ハウス用パイプ立て器(人力用),hausuyoupaiputateutsuwa-jinrikiyou,yasaisisetusaibai
ハウス用パイプ抜き器(人力用),hausuyoupaipunukiutsuwa-jinrikiyou,yasaisisetusaibai
ハウス用パイプ曲げ器(人力用),hausuyoupaipumageutsuwa-jinrikiyou,yasaisisetusaibai
下穴・施月巴穴あけ器(人力用),shimoana-hodokoshitsukitomoeanaakeutsuwa-jinrikiyou,yasaisisetusaibai
いちご高床栽培ベッド用耕うん作業機(自走式),ichigotakayukasaibaibeddoyoukouunsagyouki-jisoushiki,yasaisisetusaibai
いちご高床栽培ベッド用耕うん機(手押式),ichigotakayukasaibaibeddoyoukouunki-teosaeshiki,yasaisisetusaibai
ガラス温室,garasuonshitsu,yasaisisetusaibai
プラスチックハウス,purasuchikkuhausu,yasaisisetusaibai
ハウス温室,hausuonshitsu,yasaisisetusaibai
果樹用穴掘機,kajuyouanahoriki,kajuyoukikai
果樹収穫作業台車(高所作業台車),kajushuukakusagyoudaisha-koushosagyoudaisha,kajuyoukikai
動力舅定機,douryokushuutosadameki,kajuyoukikai
せん定枝破砕機(乗トラ用),senteiedahasaiki-yotsunoyatorayou,kajuyoukikai
せん定枝破砕機(定置式),senteiedahasaiki-teichishiki,kajuyoukikai
せん定枝破砕機(自走式),senteiedahasaiki-jisoushiki,kajuyoukikai
果樹園用モアー,kajuenyoumoa-,kajuyoukikai
果樹園用モアー,kajuenyoumoa-,kajuyoukikai
モノレール(単軌条運搬機),monore-ru-tankijouumpanki,kajuyoukikai
モノレール(単軌条運搬機),monore-ru-tankijouumpanki,kajuyoukikai
重量選果機,juuryousenkaki,kajuyoukikai
手選別機(撰別機),tesembetsuki-sembetsuki,kajuyoukikai
形状選果機,keijousenkaki,kajuyoukikai
選果コンベヤー,senkakombeya-,kajuyoukikai
封函機,fuuhakoki,kajuyoukikai
製函機,seihakoki,kajuyoukikai
ギンナン自動皮むき機,ginnanjidoukawamukiki,kajuyoukikai
定温蒸気処理装置,teionjoukishorisouchi,kajuyoukikai
果実磨機,kajitsuosamuki,kajuyoukikai
柑橘洗浄機(器),kankitsusenjouki-utsuwa,kajuyoukikai
リフト,rifuto,kajuyoukikai
ウメ洗浄機,umesenjouki,kajuyoukikai
果樹皮はぎ機,kajukawahagiki,kajuyoukikai
簡易糖度計,kanitodokei,kajuyoukikai
根菜掘取専用トレンチャー(乗用型),konsaihoritorisenyoutorencha--jouyougata,hatasakuyou-tokuyousakumotusyukaku
ポテトハーベスター(けん引式),potetoha-besuta--keninshiki,hatasakuyou-tokuyousakumotusyukaku
ポテトハーベスター(搭載式),potetoha-besuta--tousaishiki,hatasakuyou-tokuyousakumotusyukaku
ポテトハーベスター(自走式),potetoha-besuta--jisoushiki,hatasakuyou-tokuyousakumotusyukaku
ポテトディガー(乗用型),potetodhiga--jouyougata,hatasakuyou-tokuyousakumotusyukaku
ポテトディガー(歩行型),potetodhiga--hokougata,hatasakuyou-tokuyousakumotusyukaku
ポテト茎葉処理機,potetokeiyoushoriki,hatasakuyou-tokuyousakumotusyukaku
甘しょ収穫機,kanshoshuukakuki,hatasakuyou-tokuyousakumotusyukaku
こんにゃく収穫機,konnyakushuukakuki,hatasakuyou-tokuyousakumotusyukaku
玉ねぎ収穫機,tamanegishuukakuki,hatasakuyou-tokuyousakumotusyukaku
長ねぎ掘取機,naganegihoritoriki,hatasakuyou-tokuyousakumotusyukaku
さといも収穫機,satoimoshuukakuki,hatasakuyou-tokuyousakumotusyukaku
だいこん収穫機,daikonshuukakuki,hatasakuyou-tokuyousakumotusyukaku
にんじん収穫機,ninjinshuukakuki,hatasakuyou-tokuyousakumotusyukaku
ごぼう収穫機,goboushuukakuki,hatasakuyou-tokuyousakumotusyukaku
うど収穫機,udoshuukakuki,hatasakuyou-tokuyousakumotusyukaku
アスパラ収穫機,asuparashuukakuki,hatasakuyou-tokuyousakumotusyukaku
ねぎ収穫機,negishuukakuki,hatasakuyou-tokuyousakumotusyukaku
落花生収穫機,rakkaseishuukakuki,hatasakuyou-tokuyousakumotusyukaku
ミツ葉収穫機,mitsubashuukakuki,hatasakuyou-tokuyousakumotusyukaku
ニラ出荷調製機,nirashukkachouseiki,hatasakuyou-tokuyousakumotusyukaku
球根収穫機,kyuukonshuukakuki,hatasakuyou-tokuyousakumotusyukaku
にんにくハーベスター,ninnikuha-besuta-,hatasakuyou-tokuyousakumotusyukaku
キャベツ収穫機,kyabetsushuukakuki,hatasakuyou-tokuyousakumotusyukaku
しょうが収穫機,shougashuukakuki,hatasakuyou-tokuyousakumotusyukaku
根菜類掘取機,konsairuihoritoriki,hatasakuyou-tokuyousakumotusyukaku
野菜収穫機,yasaishuukakuki,hatasakuyou-tokuyousakumotusyukaku
軟弱野菜調製機,nanjakuyasaichouseiki,hatasakuyou-tokuyousakumotusyukaku
玉ねぎ調製機,tamanegichouseiki,hatasakuyou-tokuyousakumotusyukaku
根菜類土落機,konsairuitsuchiochiki,hatasakuyou-tokuyousakumotusyukaku
ビートタッパー,bi-totappa-,hatasakuyou-tokuyousakumotusyukaku
根菜類根切機,konsairuinegiriki,hatasakuyou-tokuyousakumotusyukaku
ほうれんそう根切機,hourensounegiriki,hatasakuyou-tokuyousakumotusyukaku
根菜類葉切機,konsairuihagireki,hatasakuyou-tokuyousakumotusyukaku
大根専用葉付き・葉切洗浄機,daikonsenyoubatsuki-hagiresenjouki,hatasakuyou-tokuyousakumotusyukaku
大根調製機(葉・尻尾・ひげ取り作業),daikonchouseiki-ha-shippo-higedorisagyou,hatasakuyou-tokuyousakumotusyukaku
大根乾燥機,daikonkansouki,hatasakuyou-tokuyousakumotusyukaku
にんにく根切機,ninnikunegiriki,hatasakuyou-tokuyousakumotusyukaku
さといも毛羽取機,satoimokebatoriki,hatasakuyou-tokuyousakumotusyukaku
ごぼう調製機,gobouchouseiki,hatasakuyou-tokuyousakumotusyukaku
野菜洗浄機,yasaisenjouki,hatasakuyou-tokuyousakumotusyukaku
根菜類洗浄機,konsairuisenjouki,hatasakuyou-tokuyousakumotusyukaku
大根洗浄機,daikonsenjouki,hatasakuyou-tokuyousakumotusyukaku
果菜類洗浄機,kasairuisenjouki,hatasakuyou-tokuyousakumotusyukaku
野菜脱水機,yasaidassuiki,hatasakuyou-tokuyousakumotusyukaku
人参洗浄機,ninjinsenjouki,hatasakuyou-tokuyousakumotusyukaku
加工用甘藷洗浄機,kakouyoukanshosenjouki,hatasakuyou-tokuyousakumotusyukaku
甘藷洗浄機,kanshosenjouki,hatasakuyou-tokuyousakumotusyukaku
花卉用結束機,kakiyoukessokuki,hatasakuyou-tokuyousakumotusyukaku
花下葉取り機,hanakayoutoriki,hatasakuyou-tokuyousakumotusyukaku
切花専用切断機,kiribanasenyousetsudanki,hatasakuyou-tokuyousakumotusyukaku
花束袋詰め機,hanatabafukurodumeki,hatasakuyou-tokuyousakumotusyukaku
果菜・根菜類磨機,kasai-konsairuiosamuki,hatasakuyou-tokuyousakumotusyukaku
根菜類磨機,konsairuiosamuki,hatasakuyou-tokuyousakumotusyukaku
野菜自動皮むき機,yasaijidoukawamukiki,hatasakuyou-tokuyousakumotusyukaku
果菜類皮むき機,kasairuikawamukiki,hatasakuyou-tokuyousakumotusyukaku
ねぎ皮むき機,negikawamukiki,hatasakuyou-tokuyousakumotusyukaku
ネギ根切膨)機,neginegirifukureki,hatasakuyou-tokuyousakumotusyukaku
長ねぎ選別機,naganegisembetsuki,hatasakuyou-tokuyousakumotusyukaku
長ねぎ根葉切り機,naganegikonyoukiriki,hatasakuyou-tokuyousakumotusyukaku
野菜破砕機,yasaihasaiki,hatasakuyou-tokuyousakumotusyukaku
重量選別機,juuryousembetsuki,hatasakuyou-tokuyousakumotusyukaku
カメラ式画像処理選別機,kamerashikigazoushorisembetsuki,hatasakuyou-tokuyousakumotusyukaku
馬鈴薯選別機,bareishosembetsuki,hatasakuyou-tokuyousakumotusyukaku
玉ねぎ乾燥機,tamanegikansouki,hatasakuyou-tokuyousakumotusyukaku
人参選別機,ninjinsembetsuki,hatasakuyou-tokuyousakumotusyukaku
形状選別機,keijousembetsuki,hatasakuyou-tokuyousakumotusyukaku
選別コンベア,sembetsukombea,hatasakuyou-tokuyousakumotusyukaku
手選別用コンベア(撰別コンベア),tesembetsuyoukombea-sembetsukombea,hatasakuyou-tokuyousakumotusyukaku
選花機,sembanaki,hatasakuyou-tokuyousakumotusyukaku
花重量選男哩・自動結束装置,hanajuuryousenotokomairu-jidoukessokusouchi,hatasakuyou-tokuyousakumotusyukaku
花選別機(重量),hanasembetsuki-juuryou,hatasakuyou-tokuyousakumotusyukaku
花選別機(長さ),hanasembetsuki-nagasa,hatasakuyou-tokuyousakumotusyukaku
花束処理機,hanatabashoriki,hatasakuyou-tokuyousakumotusyukaku
野菜予冷施設,yasaiyoreishisetsu,hatasakuyou-tokuyousakumotusyukaku
封函機,fuuhakoki,hatasakuyou-tokuyousakumotusyukaku
製封缶機,seifuukanki,hatasakuyou-tokuyousakumotusyukaku
製函機,seihakoki,hatasakuyou-tokuyousakumotusyukaku
梱包機,kompouki,hatasakuyou-tokuyousakumotusyukaku
供給機,kyoukyuuki,hatasakuyou-tokuyousakumotusyukaku
自動梱包機,jidoukompouki,hatasakuyou-tokuyousakumotusyukaku
半自動梱包機,hanjidoukompouki,hatasakuyou-tokuyousakumotusyukaku
高床式運搬車,takayukashikiumpansha,hatasakuyou-tokuyousakumotusyukaku
レタス包装機,retasuhousouki,hatasakuyou-tokuyousakumotusyukaku
野菜ひげ取機,yasaihigetoriki,hatasakuyou-tokuyousakumotusyukaku
ばれいしょ葉刈機,bareishohakarihakaru,hatasakuyou-tokuyousakumotusyukaku
野菜袋詰機,yasaifukurodumeki,hatasakuyou-tokuyousakumotusyukaku
野菜フイノレム包装機,yasaifuinoremuhousouki,hatasakuyou-tokuyousakumotusyukaku
ビーンハーベスター(自走式),bi-nha-besuta--jisoushiki,hatasakuyou-tokuyousakumotusyukaku
コンバイン(大豆・そば・麦など用),kombain-daizu-soba-muginadoyou,hatasakuyou-tokuyousakumotusyukaku
大豆脱粒機(自走式),daizudatsuryuuki-jisoushiki,hatasakuyou-tokuyousakumotusyukaku
大豆脱粒機(乗用トラクターマウント用),daizudatsuryuuki-jouyoutorakuta-mauntoyou,hatasakuyou-tokuyousakumotusyukaku
豆類脱粒機(ピッキングタイプ),mameruidatsuryuuki-pikkingutaipu,hatasakuyou-tokuyousakumotusyukaku
大豆脱粒機(定置式),daizudatsuryuuki-teichishiki,hatasakuyou-tokuyousakumotusyukaku
豆用クリーナー,mameyoukuri-na-,hatasakuyou-tokuyousakumotusyukaku
大豆選別機(傾斜飾選別),daizusembetsuki-nazoekazarisembetsu,hatasakuyou-tokuyousakumotusyukaku
大豆選別機(色彩選別),daizusembetsuki-shikisaisembetsu,hatasakuyou-tokuyousakumotusyukaku
大豆乾燥機,daizukansouki,hatasakuyou-tokuyousakumotusyukaku
大豆自動計量機,daizujidoukeiryouki,hatasakuyou-tokuyousakumotusyukaku
さとうきび株そろえ機,satoukibikabusoroeki,hatasakuyou-tokuyousakumotusyukaku
さとうきび管理作業機,satoukibikanrisagyouki,hatasakuyou-tokuyousakumotusyukaku
甘しょつる切機,kanshotsurugireki,hatasakuyou-tokuyousakumotusyukaku
そば脱粒機,sobadatsuryuuki,hatasakuyou-tokuyousakumotusyukaku
い草乾燥機,igusakansouki,hatasakuyou-tokuyousakumotusyukaku
たばこ乾燥機,tabakokansouki,hatasakuyou-tokuyousakumotusyukaku
たばこ圧縮梱包機,tabakoasshukukompouki,hatasakuyou-tokuyousakumotusyukaku
たばこ幹刈機(収穫用),tabakomikikarihakaru-shuukakuyou,hatasakuyou-tokuyousakumotusyukaku
枝豆ハーベスター,edamameha-besuta-,hatasakuyou-tokuyousakumotusyukaku
枝豆収穫機,edamameshuukakuki,hatasakuyou-tokuyousakumotusyukaku
枝豆自動・動力脱葵機,edamamejidou-douryokudatsuaoiki,hatasakuyou-tokuyousakumotusyukaku
スイートコーン収穫機,sui-toko-nshuukakuki,hatasakuyou-tokuyousakumotusyukaku
玄そば磨機,gensobaosamuki,hatasakuyou-tokuyousakumotusyukaku
玄そば選別機,gensobasembetsuki,hatasakuyou-tokuyousakumotusyukaku
玄そば脱皮機,gensobadappiki,hatasakuyou-tokuyousakumotusyukaku
そば製粉機(個人・共同用),sobaseifunki-kojin-kyoudouyou,hatasakuyou-tokuyousakumotusyukaku
そば製粉機(業務用),sobaseifunki-gyoumuyou,hatasakuyou-tokuyousakumotusyukaku
そば粉フルイ機(個人・共同用),sobakofuruiki-kojin-kyoudouyou,hatasakuyou-tokuyousakumotusyukaku
温湯消毒機野菜種子・苗等用,ontoushoudokukiyasaishushi-naenadoyou,hatasakuyou-tokuyousakumotusyukaku
レシプロモアー(乗用トラクターマウントタイプ),reshipuromoa--jouyoutorakuta-mauntotaipu,siryoseisanyo
ロータリーモアー(ディスクタイブ),ro-tari-moa--dhisukutaibu,siryoseisanyo
ロータリーモアー(ドラムタイプ),ro-tari-moa--doramutaipu,siryoseisanyo
フレールモアー(乗用トラクター用),fure-rumoa--jouyoutorakuta-you,siryoseisanyo
モアーコンディショナー(乗用トラクター用),moa-kondhishona--jouyoutorakuta-you,siryoseisanyo
テッダー(転草・拡散),tedda--korogashigusa-kakusan,siryoseisanyo
レーキ(集草列),re-ki-shuugusaretsu,siryoseisanyo
ヘーメーカー,he-me-ka-,siryoseisanyo
テッダーレーキ(回転輪型),tedda-re-ki-kaitenwagata,siryoseisanyo
テッダーレーキ(ロータリー型),tedda-re-ki-ro-tari-gata,siryoseisanyo
フォーレージハーベスター(フレール型シングルカッタ),fo-re-jiha-besuta--fure-rugatashingurukatta,siryoseisanyo
フォーレージハーベスター(シリンダ型),fo-re-jiha-besuta--shirindagata,siryoseisanyo
フォーレージハーベスター(自走式),fo-re-jiha-besuta--jisoushiki,siryoseisanyo
フォーレージハーベスター(自走式),fo-re-jiha-besuta--jisoushiki,siryoseisanyo
コーンハーベスター(乗用トラクター用、1～2条刈),ko-nha-besuta--jouyoutorakuta-you-1-2joukari,siryoseisanyo
コーンハーベスター(自走式),ko-nha-besuta--jisoushiki,siryoseisanyo
コーン刈取機(歩行用、1条刈倒し式),ko-nkaritoriki-hokouyou-1joukaridaoshishiki,siryoseisanyo
へイベーラー(タイトベーラ),heibe-ra-taitobe-ra,siryoseisanyo
ヘイベーラー(ラウンドベーラ),heibe-ra-raundobe-ra,siryoseisanyo
ヘイベーラー(ラウンドベーラ),heibe-ra--raundobe-ra,siryoseisanyo
ヘイベーラー(ラウンドベーラ),heibe-ra--raundobe-ra,siryoseisanyo
ベールラッパー,be-rurappa-,siryoseisanyo
ベールグリッパ,be-rugurippa,siryoseisanyo
細断型ロールベーラ,saidangataro-rube-ra,siryoseisanyo
ラッピングベーラー,rappingube-ra-,siryoseisanyo
ヘイベーラー(自走式),heibe-ra--jisoushiki,siryoseisanyo
飼料イネコンバインベーラー,shiryouinekombaimbe-ra-,siryoseisanyo
細断型べ一ル対応ベールラッパ,saidangatabe-rutaioube-rurappa,siryoseisanyo
ベールグラブ,be-rugurabu,siryoseisanyo
ベールグラブ馬,be-rugurabuba,siryoseisanyo
ベール運搬車(べ一ルハンドラ),be-ruumpansha-be-ruhandora,siryoseisanyo
尿散布機(タンク車式、けん引式),nyousampuki-tankushashiki-keninshiki,siryoseisanyo
尿散布機(タンク車式、自走式),nyousampuki-tankushashiki-jisoushiki,siryoseisanyo
スラリースプレッター(ポンプタンカーを含む。),surari-supuretta--pomputanka-wofukumu-,siryoseisanyo
スラリーインジェクター(スラリーサブソイラーを含む。),surari-injekuta--surari-sabusoira-wofukumu-,siryoseisanyo
梱包牧草切断機,kompoubokusousetsudanki,siryoseisanyo
飼料用カッター,shiryouyoukatta-,siryotyoseiyo
フォーレージブロワー(ホッパータイプ),fo-re-jiburowa--hoppa-taipu,siryotyoseiyo
フォーレージブロワー(コンベアタイプ),fo-re-jiburowa--kombeataipu,siryotyoseiyo
チョッパー(定置式の牧草・野菜屑・根菜の切砕),choppa--teichishikinobokusou-yasaikuzu-konsainokirisai,siryotyoseiyo
シュレッダー,shuredda-,siryotyoseiyo
ベールカッター,be-rukatta-,siryotyoseiyo
エレベーター(ヘイキャリアー、ヘイコンベア),erebe-ta--heikyaria--heikombea,siryotyoseiyo
定量供給機,teiryoukyoukyuuki,siryotyoseiyo
気密サイロ(スチール製),kimitsusairo-suchi-rusei,siryotyoseiyo
飼料貯蔵施設,shiryouchozoushisetsu,siryotyoseiyo
個牧草切断機,kobokusousetsudanki,siryotyoseiyo
梱包牧草解体機,kompoubokusoukaitaiki,siryotyoseiyo
飼料用玄米挽割機,shiryouyougemmaihikiwariki,siryotyoseiyo
飼料米脱皮破砕機,shiryoumaidappihasaiki,siryotyoseiyo
飼料米破砕機,shiryoubeihasaiki,siryotyoseiyo
飼料用米フィードホッパー,shiryouyoumaifi-dohoppa-,siryotyoseiyo
飼料用米粉砕添加装置,shiryouyoumaifunsaitenkasouchi,siryotyoseiyo
自動給餌機,jidoukyuujiki,katikusiyoukanriyou
牛用定量給餌車,ushiyouteiryoukyuujisha,katikusiyoukanriyou
自走給餌車,jisoukyuujisha,katikusiyoukanriyou
哺乳器,honyuuutsuwa,katikusiyoukanriyou
固体別哺乳装置,kotaibetsuhonyuusouchi,katikusiyoukanriyou
初乳・移行乳加熱処理装置,shonyuu-ikouchichikanetsushorisouchi,katikusiyoukanriyou
給水器,kyuusuiki,katikusiyoukanriyou
飼料撹拝機,shiryoukakuhaiki,katikusiyoukanriyou
飼料運搬機(飼料運搬車を含む。),shiryouumpanki-shiryouumpanshawofukumu-,katikusiyoukanriyou
飼料粉砕機,shiryoufunsaiki,katikusiyoukanriyou
パーラー用乳頭清拭装置,pa-ra-younyuutouseishikisouchi,katikusiyoukanriyou
パイプラインミルカー,paipuraimmiruka-,katikusiyoukanriyou
ミルキングパーラー,mirukingupa-ra-,katikusiyoukanriyou
搾乳ユニット自動搬送装置,sakunyuuyunittojidouhansousouchi,katikusiyoukanriyou
バルククーラー(牛乳冷却機),barukuku-ra--gyuunyuureikyakuki,katikusiyoukanriyou
繋ぎ牛舎用精密飼養管理システム,tsunagigyuushayouseimitsushiyoukanrishisutemu,katikusiyoukanriyou
マニアスクレッパ,maniasukureppa,katikusiyoukanriyou
ふん尿固液分離機,funnyoukataekibunriki,katikusiyoukanriyou
スラリーポンプ,surari-pompu,katikusiyoukanriyou
ふん尿撹搾機,funnyoukakushiboki,katikusiyoukanriyou
バーンクリーナー,ba-nkuri-na-,katikusiyoukanriyou
酪農用カッターポンプ,rakunouyoukatta-pompu,katikusiyoukanriyou
畜ふん混合機,chikukongoiki,katikusiyoukanriyou
畜ふん発酵機,chikufunhakkouki,katikusiyoukanriyou
鋤畜ふん乾燥機,sukichikufunkansouki,katikusiyoukanriyou
堆肥切反し機(自走式),taihigirekaeshiki-jisoushiki,katikusiyoukanriyou
堆肥切返し機,taihikirikaeshiki,katikusiyoukanriyou
畜舎消毒機,chikushashoudokuki,katikusiyoukanriyou
畜舎換気用除じん・脱臭装置,chikushakankiyounokejin-dasshuusouchi,katikusiyoukanriyou
畜産用屋内消臭装置,chikusanyouokunaishoushuusouchi,katikusiyoukanriyou
換気扇,kankisen,katikusiyoukanriyou
飼育装置,shiikusouchi,katikusiyoukanriyou
畜舎用カーテン機具セット,chikushayouka-tenkigusetto,katikusiyoukanriyou
洗卵・選卵・集卵機関係,araitamago-senran-shuutamagokikankakari,katikusiyoukanriyou
洗卵選別機,araitamagosembetsuki,katikusiyoukanriyou
洗卵選別包装機,araitamagosembetsuhousouki,katikusiyoukanriyou
割卵機,waritamagoki,katikusiyoukanriyou
集卵機,shuutamagoki,katikusiyoukanriyou
卵殻強度(荷重)計,rankakukyoudo-kajuukei,katikusiyoukanriyou
育雛用暖房機,ikusuuyoudambouki,katikusiyoukanriyou
くちばし切断機,kuchibashisetsudanki,katikusiyoukanriyou
鶏痘予防接種器,niwatoriimoyobousesshuutsuwa,katikusiyoukanriyou
連動スタンチョン(連動繋留装置),rendousutanchon-rendoukeiryuusouchi,katikusiyoukanriyou
スタンチョン,sutanchon,katikusiyoukanriyou
豚用不断給餌機(器),butayoufudankyuujiki-utsuwa,katikusiyoukanriyou
家畜用飼養ゲージ,kachikuyoushiyouge-ji,katikusiyoukanriyou
牛衝機,ushishouki,katikusiyoukanriyou
豚衝機,butashouki,katikusiyoukanriyou
放牧用絶縁木電気柵(水田・里山放牧地兼用),houbokuyouzetsuenkidenkisaku-suiden-satoyamahoubokuchikenyou,katikusiyoukanriyou
動物薬連続添加機,doubutsuyakurenzokutenkaki,katikusiyoukanriyou
簡易離乳子豚舎,kanirinyuugotonsha,katikusiyoukanriyou
病原微生物消毒剤噴射装置(自動車装着用),byougembiseibutsushoudokuzaifunshasouchi-jidoushasouchakuyou,katikusiyoukanriyou
堆肥舎,taihisya,katikusiyoukanriyou
ハウス豚舎,housebutasya,katikusiyoukanriyou
ハウス牛舎,housegyusya,katikusiyoukanriyou
残条破砕機(自走式),zanjouhasaiki-jisoushiki,ikusanyou
茶摘機(携帯用,chatsumiki-keitaiyou,tyaenyou
茶摘機(可搬式),chatsumiki-kahanshiki,tyaenyou
茶摘機(乗用型),chatsumiki-jouyougata,tyaenyou
裾刈・せん枝兼用機,susogari-senedakenyouki,tyaenyou
茶園中刈機,chaenchuukarihakaru,tyaenyou
茶園用専用耕うん機,chaenyousenyoukouunki,tyaenyou
茶園管理機,chaenkanriki,tyaenyou
茶園管理作業機(乗用型),chaenkanrisagyouki-jouyougata,tyaenyou
茶園防除機,chaemboujoki,tyaenyou
霜取機,shimotoriki,tyaenyou
茶園用肥料散布機,chaenyouhiryousampuki,tyaenyou
茶園用肥料散布機兼用運搬機,chaenyouhiryousampukikenyouumpanki,tyaenyou
刈払機(農用を含む。),karibaraiki-nouyouwofukumu-,rinsanyou
刈払機(充電式),karibaraiki-juudenshiki,rinsanyou
枝打機,edauchiki,rinsanyou
チェンソー,chenso-,rinsanyou
チェンソー(充電式),chenso--juudenshiki,rinsanyou
ヘッジトリマー,hejjitorima-,rinsanyou
ヘッジトリマー(充電式),hejjitorima--juudenshiki,rinsanyou
高枝カッター,takaedakatta-,rinsanyou
薪割機,makiwariki,rinsanyou
移動製材機,idouseizaiki,rinsanyou
林業用モノレール,ringyouyoumonore-ru,rinsanyou
林業用クローラー(運材車),ringyouyoukuro-ra--unzaisha,rinsanyou
林内運搬車(フォワーダ),rinnaiumpansha-fowa-da,rinsanyou
木材粉砕機,mokuzaifunsaiki,rinsanyou
杭打機,kuiuchiki,rinsanyou
椎茸栽培用加湿機(器),shiitakesaibaiyoukashitsuki-utsuwa,rinsanyou
椎茸通年栽培施設,shiitaketsuunensaibaishisetsu,rinsanyou
椎茸乾燥機,shiitakekansouki,rinsanyou
椎茸スライサー,shiitakesuraisa-,rinsanyou
きのこ類収穫機(装置),kinokoruishuukakuki-souchi,rinsanyou
刈払機用アタッチ,karibaraikiyouatacchi,rinsanyou
椎茸選別機,shiitakesembetsuki,rinsanyou
廃菌床破砕分別機,haikinshouhasaibumbetsuki,rinsanyou
枝払機,edabaraiki,rinsanyou
樹木粉砕機,jumokufunsaiki,rinsanyou
自走3輪(歩行型),jisou3rin-hokougata,unpanyou
自走3輪(後押),jisou3rin-atoosae,unpanyou
自走3輪・4輪(後押),jisou3rin-4rin-atoosae,unpanyou
自走4輪(前引),jisou4rin-maebiki,unpanyou
自走多輪(乗用型),jisoutawa-jouyougata,unpanyou
農用運搬機(乗用型),nouyouumpanki-jouyougata,unpanyou
農畜産業用運搬作業車,nouchikusangyouyouumpansagyousha,unpanyou
小型特殊自動車,kogatatokushujidousha,unpanyou
クローラ(歩行型),kuro-ra-hokougata,unpanyou
クローラ(歩行・乗用兼用型),kuro-ra-hokou-jouyoukenyougata,unpanyou
クローラ(乗用型),kuro-ra-jouyougata,unpanyou
重量野菜運搬作業車,juuryouyasaiumpansagyousha,unpanyou
農用運搬車(搭載ダンプ式),nouyouumpansha-tousaidampushiki,unpanyou
圃トレーラ(耕うん機用),hotore-ra-kouunkiyou,unpanyou
トレーラ(ダンプ),tore-ra-dampu,unpanyou
牧草用運搬機(ファームワゴンを含む。),bokusouyouumpanki-fa-muwagonwofukumu-,unpanyou
フロントローダー,furontoro-da-,unpanyou
スキッドステアローダー,sukiddosutearo-da-,unpanyou
農用ローダー(自走式),nouyouro-da--jisoushiki,unpanyou
ホイールローダ,hoi-ruro-da,unpanyou
コンバイン用トレーラー,kombainyoutore-ra-,unpanyou
フォークリフト,fo-kurifuto,unpanyou
バッテリーリフター,batteri-rifuta-,unpanyou
手動リフター,shudourifuta-,unpanyou
コンベア,kombea,unpanyou
キャリア,kyaria,unpanyou
電動作業台車,dendousagyoudaisha,unpanyou
全自動コンテナ(ダンプコンテナ、グレンコンテナ等),zenjidoukontena-dampukontena-gurenkontenanado,unpanyou
コンテナローダー,kontenaro-da-,unpanyou
農業土木用モノレール,nougyoudobokuyoumonore-ru,unpanyou
その他の運搬機,sonohokanoumpanki,unpanyou
水分測定機器,suibunsokuteikiki,nougyouyousokuteikiki
単粒水分計,tanryuusuibunkei,nougyouyousokuteikiki
米麦用水分計,beibakuyousuifunkei,nougyouyousokuteikiki
含水率自動停止装置,gansuiritsujidouteishisouchi,nougyouyousokuteikiki
穀粒判別器(外観品質測定),kokutsubuhambetsuutsuwa-gaikanhinshitsusokutei,nougyouyousokuteikiki
玄米・精米白度計,gemmai-seimaishirodokei,nougyouyousokuteikiki
品質測定機,hinshitsusokuteiki,nougyouyousokuteikiki
米品質測定評価装置,beihinshitsusokuteihyoukasouchi,nougyouyousokuteikiki
糖・酸度分析装置(水溶液サンプル用),tou-sandobunsekisouchi-suiyouekisampuruyou,nougyouyousokuteikiki
PHメーター,phme-ta-,nougyouyousokuteikiki
ECメーター,ecme-ta-,nougyouyousokuteikiki
土壌水分計,dojousuibunkei,nougyouyousokuteikiki
土壌養分検定器,dojouyoubunkenteiutsuwa,nougyouyousokuteikiki
堆肥熟度判定器(機),taihijukudohanteiki-ki,nougyouyousokuteikiki
糖度計,toudokei,nougyouyousokuteikiki
放牧地用草量計,houbokuchimochikusaryoukei,nougyouyousokuteikiki
卵殻強度(荷重)計,rankakukyoudo-kajuukei,nougyouyousokuteikiki
残留農薬潰掟装置,zanryuunouyakukaiokitesouchi,nougyouyousokuteikiki
木材水分チェッカー,mokuzaisuibunchekka-,nougyouyousokuteikiki
感水試験紙(農薬等薬液ドリフト飛散チェック用),kammizushikenshi-nouyakunadoyakuekidorifutohisanchekkuyou,nougyouyousokuteikiki
その他の測定機器,sonohokanosokuteikiki,nougyouyousokuteikiki
小型耕うん機,kogatakouunki,other
除雪機(乗用トラクター装着式),josetsuki-jouyoutorakuta-souchakushiki,other
プレード型充電式除雪機,pure-dogatajuudenshikijosetsuki,other
除雪機(自走式),josetsuki-jisoushiki,other
除雪ドーザ(クローラ型・排土板を含む。),josetsudo-za-kuro-ragata-haitsuchibanwofukumu-,other
下葉取機,kayoutoriki,other
高圧洗浄機,kouatsusenjouki,other
バケツ洗浄機,baketsusenjouki,other
集塵機(掃除機),shuujinki-soujiki,other
コンテナ洗浄機,kontenasenjouki,other
コンテナ用リフター,kontenayourifuta-,other
簡易リフト,kanirifuto,other
プロワー,purowa-,other
屋上換気扇,okujoukankisen,other
搬送ファン,hansoufan,other
プロワー(充電式),purowa--juudenshiki,other
油圧式マキ割機,yuatsushikimakiwariki,other
杭打機,kuiuchiki,other
生ゴミ分解処理機,namagomibunkaishoriki,other
電気乾燥庫,denkikansouko,other
屋内外掃除機,okunaigaisoujiki,other
産業用無人ヘリコプター,sangyouyoumujinherikoputa-,other
腰掛作業口ム車,koshikakesagyouguchimusha,other
コンバイン袋,kombaimbukuro,other
米麦用収穫・運搬大型袋,beibakuyoushuukaku-umpanoogatabukuro,other
幽簡易たい肥器(メッシュバック詰)(畜ふん尿発酵用),yuukanitaihiutsuwa-messhubakkudume-chikufunnyouhakkouyou,other
生もみ用むれ米防止器(スタンドバック用),umomiyoumurebeiboushiki-sutandobakkuyou,other
動噴用静電ノズル,doufunyouseidennozuru,other
動噴用ブームノズル,doufunyoubu-munozuru,other
電解水生成装置,denkaisuiseiseisouchi,other
オゾン発生装置,ozonhasseisouchi,other
トラクタ爪脱着用レンチ,torakutatsumedacchakuyourenchi,other
クレーンスケール(吊秤),kure-nsuke-ru-tsurihakari,other
雑草防止用畦畔カバー,zassouboushiyoukeihankaba-,other
給・排水U字溝,kyuu-haisuiyu-jikou,other
水田落水用調整ブロック,suidenotoshimizuyouchouseiburokku,other
刈払機用アタッチメント関係機器,karibaraikiyouatacchimentokankeikiki,other
充電式刈払機用アタッチメント・草取機,juudenshikikaribaraikiyouatacchimento-kusatoriki,other
充電式刈払機用アタッチメント・ヘッジトリマー,juudenshikikaribaraikiyouatacchimento-hejjitorima-,other
充電器,juudenki,other
バッテリー,batteri-,other
エアーコンプレッサー,ea-kompuressa-,other
多目的農企目,tamokutekinoukuwadateme,other
"""その他""の農作業安全関連機器",sonohokanonousagyouanzenkanrenkiki,other
小型管理機(歩行型トラクター、家庭菜園・ホビー用),kogatakanriki-hokougatatorakuta--kateisaien-hobi-you,other
背負動噴(バッテリー式、家庭菜園・ホビー用),seoidoufun-batteri-shiki-kateisaien-hobi-you,other
人力噴霧器(機)(家庭菜園・ホビー用),jinrikifummuki-ki-kateisaien-hobi-you,other
肩掛式乾電池噴霧器(機)(家庭菜園・ホビー用,katakakeshikikandenchifummuki-ki-kateisaien-hobi-you,other
いちご養液栽培設備用キット(新規就農者等ビギナー向け),ichigoyouekisaibaisetsubiyoukitto-shinkishuunoushanadobigina-muke,other
電動舅定はさみ,dendoushuutosadamehasami,other
圃場精密管理用ガイダンスシステム(農用トラクタ用),hojouseimitsukanriyougaidansushisutemu-nouyoutorakutayou,other
農業機械用自動操舵システム(農用トラクタ用),nougyoukikaiyoujidousoudashisutemu-nouyoutorakutayou,other
芝草管理用トラクター(乗用型),shibakusakanriyoutorakuta--jouyougata,other
芝刈機,shibakariki,other
草刈機,kusakariki,other
芝掃除機,shibasoujiki,other
清掃用ブルーム(舗装路清掃・x除雪後清掃作業兼用),seisouyouburu-mu-hosouroseisou-xjosetsugoseisousagyoukenyou,other
乗用芝清掃機,jouyoushibaseisouki,other
乾式集塵装置,kanshikishuujinsouchi,fayousisetu
色彩選別機,shikisaisembetsuki,fayousisetu
ライスセンター,raisusenta-,fayousisetu
籾すりプラント,momisuripuranto,fayousisetu
穀物自動計量プラント,kokumotsujidoukeiryoupuranto,fayousisetu
穀物自動計量装置,kokumotsujidoukeiryousouchi,fayousisetu
穀物自動計量装置,kokumotsujidoukeiryosouchi,fayousisetu
穀物種子センター設備,kokumotsushushisenta-setsubi,fayousisetu
穀物種子消毒装置,kokumotsushushishoudokusouchi,fayousisetu
穀物種子計量袋詰装置,kokumotsushushikeiryoubukurodumesouchi,fayousisetu
昇降機,shoukouki,fayousisetu
フローコンベア,furo-kombea,fayousisetu
オーガホッパー,o-gahoppa-,fayousisetu
穀物搬送機,kokumotsuhansouki,fayousisetu
粗選機,arasenki,fayousisetu
乾燥タンク,kansoutanku,fayousisetu
籾摺機,momisuriki,fayousisetu
水稲用種籾殺菌装置(温湯殺菌方式),suitouyoutanemomisakkinsouchi-ontousakkinhoushiki,fayousisetu
椎茸通年栽培施設(建物本体+内部設備),shiitaketsuunensaibaishisetsu-tatemonohontai-naibusetsubi,fayousisetu
椎茸選別設備,shiitakesembetsusetsubi,fayousisetu
果菜類重量選果設備,kasairuijuuryousenkasetsubi,fayousisetu
青果物予冷設備,seikabutsuyoreisetsubi,fayousisetu
デパレタイザー,deparetaiza-,fayousisetu
パレタイズロボット,paretaizurobotto,fayousisetu
保冷庫,horeiko,fayousisetu
オゾン発生装置(プラント用),ozonhasseisouchi-purantoyou,fayousisetu
有機物炭イヒ施設,yuukibutsusumiihishisetsu,biomath
有機物乾燥設備,yuukibutsukansousetsubi,biomath
有機物堆月巴化発酵かくはん装置(堆肥化施設用),yuukibutsuuzutakagatsutomoekahakkoukakuhansouchi-taihikashisetsuyou,biomath
堆肥選別計量袋詰装置(堆肥化施設用),taihisembetsukeiryoubukurodumesouchi-taihikashisetsuyou,biomath
家畜ふん尿処理装置,kachikufunnyoushorisouchi,biomath
籾がらすりつぶし成形装置,momigarasuritsubushiseikeisouchi,biomath
木質ペレット計量包装機,mokushitsuperettokeiryouhousouki,biomath
木質ペレット暖房装置,mokushitsuperettodambousouchi,biomath
バイオディ一ゼル燃料製造プラント,baiodhi-zerunenryouseizoupuranto,biomath
焙煎機,baisenki,biomath
搾油機,sakuyuki,biomath
沈殿槽,chindensou,biomath
ろ過機,rokaki2,biomath
バイオディーゼル燃料製造(精製)装置,baiodhi-zerunenryouseizou-seiseisouchi,biomath
防鳥爆音機(爆発音),bouchoubakuonki-bakuhatsuon,gaityuhokakubojo
防鳥機(鳥音声),bouchouki-torionsei,gaityuhokakubojo
防鳥機(高周波),bouchouki-koushuuha,gaityuhokakubojo
防鳥機(磁石),bouchouki-jishaku,gaityuhokakubojo
防鳥機(電子音+高周波),bouchouki-denshion-koushuuha,gaityuhokakubojo
鳥害防止用威嚇機(器),chougaiboushiyouikakuki-utsuwa,gaityuhokakubojo
鳥害防止用忌避テープ,chougaiboushiyoukihite-pu,gaityuhokakubojo
鳥害防止ガード(着地防止用),chougaiboushigardo-chakuchiboushiyou,gaityuhokakubojo
防鳥ネット(網ネット),bouchounetto-aminetto,gaityuhokakubojo
防鳥ネット(ワイヤー式),bouchounetto-waiya-shiki,gaityuhokakubojo
防鳥塗料,bouchoutoryou,gaityuhokakubojo
野生動物用防御柵,yaseidoubutsuyoubougyosaku,gaityuhokakubojo
野生動物用自動発光忌避機,yaseidoubutsuyoujidouhakkoukihiki,gaityuhokakubojo
野生動物用忌避器(忌避剤使用),yaseidoubutsuyoukihiutsuwa-kihizaishiyou,gaityuhokakubojo
獣害防止用威嚇機(器),juugaiboushiyouikakuki-utsuwa,gaityuhokakubojo
箱罠,hakowana,gaityuhokakubojo
太陽光発電装置(個人農家・小規模小型発電用他),taiyoukouhatsudensouchi-kojinnouka-shoukibokogatahatsudenyouhoka,energy-riyou